Transplantation_ID,R_A1,R_A2,R_B1,R_B2,R_C1,R_C2,R_DRB1_1,R_DRB1_2,D_A1,D_A2,D_B1,D_B2,D_C1,D_C2,D_DRB1_1,D_DRB1_2,PIRCHE_A_Score,PIRCHE_B_Score,PIRCHE_C_Score,PIRCHE_DRB1_Score,PIRCHE_DQB1_Score,PIRCHE_A,PIRCHE_B,PIRCHE_C,PIRCHE_DRB1,PIRCHE_DQB1
0_Positive,A*02:13,A*03:01,B*08:01,B*44:02,C*05:01,C*07:01
1_Positive,A*02:01,,B*15:01,B*15:07,C*03:03,C*03:04
2_Positive,A*02:13,A*03:01,B*35:01,B*44:02,C*04:01,C*05:01
3_Positive,A*01:01,A*11:01,B*08:01,B*18:01,C*05:01,C*07:01
4_Positive,A*02:01,A*03:01,B*07:02,B*27:05,C*01:02,C*07:02
5_Positive,A*11:01,A*24:02,B*39:01,B*55:01,C*01:02,C*12:03
6_Positive,A*02:01,A*32:01,B*15:01,B*40:02,C*02:02,C*03:03
7_Positive,A*03:01,A*32:01,B*38:01,B*57:01,C*06:02,C*12:03
8_Positive,A*01:01,A*02:01,B*08:01,B*15:01,C*03:04,C*07:01
9_Positive,A*02:01,A*33:01,B*35:08,B*44:05,C*02:02,C*08:02
10_Positive,A*11:01,A*24:33,B*35:01,B*52:01,C*04:01,
11_Positive,A*02:66,A*29:02,B*44:03,B*55:01,C*03:03,C*16:01
12_Positive,A*01:01,,B*44:03,B*49:01,C*07:01,C*16:01
13_Positive,A*30:01,A*31:01,B*13:02,B*37:01,C*06:02,
14_Positive,A*02:01,A*03:01,B*07:02,B*56:01,C*01:02,C*07:02
15_Positive,A*02:01,A*03:01,B*15:01,B*18:01,C*03:04,C*07:01
16_Positive,A*02:03,A*33:03,B*38:02,B*52:01,C*07:02,C*12:02
17_Positive,A*01:01,A*02:01,B*51:01,B*57:01,C*06:02,C*16:02
18_Positive,A*25:01,A*31:01,B*18:01,B*40:01,C*03:04,C*12:03
19_Positive,A*02:01,A*03:01,B*37:01,B*40:01,C*03:04,C*06:02
20_Positive,A*02:01,A*03:01,B*15:01,B*45:01,C*03:03,C*06:02
21_Positive,A*29:02,A*30:02,B*18:01,B*44:03,C*05:01,C*16:01
22_Positive,A*01:01,A*11:01,B*08:01,B*35:03,C*07:02,C*12:03
23_Positive,A*30:02,A*36:01,B*39:10,B*53:01,C*04:01,C*12:03
24_Positive,A*02:01,,B*40:01,B*57:01,C*03:04,C*06:02
25_Positive,A*03:01,A*11:01,B*35:01,B*35:03,C*04:01,
26_Positive,A*11:01,A*29:02,B*44:03,B*51:01,C*04:01,C*16:01
27_Positive,A*33:03,A*68:01,B*18:01,B*37:01,C*02:02,C*06:02
28_Positive,A*02:01,,B*07:02,B*40:01,C*03:04,C*07:02
29_Positive,A*01:01,A*02:01,B*08:01,B*44:02,C*05:01,C*07:01
30_Positive,A*02:01,A*68:01,B*27:05,B*44:02,C*02:02,C*05:01
31_Positive,A*25:01,A*32:01,B*18:01,B*44:05,C*02:02,C*12:03
33_Positive,A*03:01,A*11:01,B*15:01,B*18:07,C*03:03,C*07:01
34_Positive,A*02:01,A*26:01,B*35:01,B*37:01,C*04:01,C*06:02
36_Positive,A*24:02,A*68:01,B*18:01,B*35:03,C*04:01,C*12:03
37_Positive,A*03:01,A*24:02,B*07:02,B*49:01,C*07:01,C*07:02
38_Positive,A*24:02,A*68:01,B*15:01,B*44:02,C*03:03,C*07:04
39_Positive,A*02:01,A*11:01,B*15:01,B*35:01,C*03:04,C*04:01
40_Positive,A*01:01,A*68:01,B*08:01,B*35:08,C*04:01,C*07:01
41_Positive,A*01:01,A*24:02,B*08:01,B*15:01,C*03:03,C*07:01
42_Positive,A*01:01,A*23:01,B*37:01,B*44:03,C*04:01,C*06:02
43_Positive,A*01:01,A*11:01,B*08:01,B*35:01,C*04:01,C*07:01
44_Positive,A*03:01,A*11:01,B*35:03,B*44:27,C*07:04,C*12:03
45_Positive,A*01:01,A*11:01,B*08:01,B*35:01,C*04:01,C*07:01
46_Positive,A*03:01,,B*35:01,B*44:27,C*04:01,C*07:04
47_Positive,A*02:01,A*24:02,B*08:01,B*35:03,C*04:01,C*07:01
48_Positive,A*02:01,A*32:01,B*08:01,B*15:01,C*03:04,C*07:01
49_Positive,A*02:01,A*03:01,B*07:02,B*57:01,C*06:02,C*07:02
50_Positive,A*01:02,A*03:01,B*18:01,B*49:01,C*07:01,
51_Positive,A*02:01,A*03:01,B*13:02,B*39:01,C*06:02,C*12:03
52_Positive,A*02:01,A*11:01,B*35:01,B*35:03,C*04:01,
53_Positive,A*01:01,A*02:01,B*51:01,B*58:01,C*07:18,C*14:02
54_Positive,A*03:01,A*68:01,B*07:02,B*51:01,C*07:02,C*15:02
55_Positive,A*02:01,A*24:02,B*35:02,B*37:01,C*04:01,C*06:02
56_Positive,A*01:01,A*24:02,B*08:01,B*44:27,C*07:01,C*07:04
57_Positive,A*02:01,A*24:02,B*35:01,B*39:06,C*04:01,C*07:02
58_Positive,A*03:01,A*24:02,B*07:02,B*44:02,C*07:02,C*16:04
59_Positive,A*03:01,,B*27:30,,C*02:02,
60_Positive,A*03:01,A*24:02,B*07:02,B*44:02,C*05:01,C*07:02
61_Positive,A*03:01,A*11:01,B*35:01,B*35:03,C*04:01,
62_Positive,A*02:01,,B*07:02,B*56:01,C*01:02,C*07:02
63_Positive,A*03:01,A*11:01,B*07:02,B*51:01,C*07:02,C*12:03
64_Positive,A*11:01,A*24:02,B*07:02,B*51:01,C*07:02,C*15:02
65_Positive,A*01:01,,B*08:01,B*57:01,C*06:02,C*07:01
66_Positive,A*03:01,A*25:01,B*08:01,B*40:01,C*03:04,C*07:01
67_Positive,A*23:01,A*68:01,B*27:02,B*56:01,C*01:02,C*02:02
68_Positive,A*02:01,A*11:01,B*40:01,B*56:01,C*03:04,C*07:02
69_Positive,A*02:03,A*11:01,B*52:01,B*56:01,C*01:02,C*12:02
70_Positive,A*11:01,A*33:03,B*18:01,B*58:01,C*03:02,C*07:01
71_Positive,A*29:01,A*30:01,B*07:05,B*13:02,C*06:02,C*15:05
72_Positive,A*02:07,A*33:03,B*44:03,B*46:01,C*01:02,C*07:06
75_Positive,A*24:02,A*34:01,B*15:02,B*15:35,C*07:02,C*08:01
76_Positive,A*02:03,A*33:03,B*07:06,B*13:01,C*03:04,C*07:02
77_Positive,A*24:02,A*33:03,B*51:01,B*58:01,C*03:02,C*14:02
78_Positive,A*02:03,A*30:01,B*15:02,B*18:01,C*08:01,C*15:02
79_Positive,A*33:03,,B*58:01,,C*03:02,
80_Positive,A*11:01,A*24:02,B*13:01,B*35:03,C*03:04,C*04:01
81_Positive,A*02:07,A*33:03,B*48:01,B*58:01,C*03:02,C*08:01
82_Positive,A*01:01,A*02:01,B*35:03,B*52:01,C*04:01,C*07:02
84_Positive,A*24:02,A*31:01,B*35:05,B*51:01,C*04:01,C*15:26
85_Positive,A*24:02,A*68:01,B*35:03,B*52:01,C*01:02,C*04:01
86_Positive,A*02:03,A*24:03,B*15:32,B*46:01,C*01:02,C*12:03
87_Positive,A*11:02,A*33:03,B*51:01,B*58:01,C*03:02,C*14:02
89_Positive,A*11:01,A*24:10,B*15:02,B*27:06,C*03:04,C*08:01
90_Positive,A*02:06,A*33:03,B*15:02,B*58:01,C*03:02,C*08:01
92_Positive,A*02:01,A*03:01,B*51:01,,C*01:02,C*14:02
93_Positive,A*01:01,A*02:01,B*18:01,B*35:03,C*04:01,C*07:01
94_Positive,A*03:01,A*26:01,B*07:02,B*44:27,C*07:02,C*07:04
95_Positive,A*02:01,A*26:01,B*40:02,B*51:01,C*03:04,C*14:02
96_Positive,A*02:01,A*68:01,B*15:01,B*51:01,C*03:03,C*14:02
97_Positive,A*01:01,A*24:02,B*35:03,B*50:01,C*04:01,C*06:02
98_Positive,A*02:01,A*11:01,B*18:03,B*27:05,C*01:02,C*07:01
99_Positive,A*02:01,A*24:07,B*35:08,B*50:01,C*04:01,C*15:05
100_Positive,A*02:01,A*24:02,B*07:02,B*51:01,C*07:02,C*14:02
101_Positive,A*01:01,A*03:01,B*50:01,B*51:01,C*01:02,C*06:02
102_Positive,A*02:01,,B*40:01,B*44:02,C*03:04,C*05:01
103_Positive,A*01:01,A*26:01,B*27:05,B*37:01,C*02:02,C*06:02
104_Positive,A*24:02,,B*07:02,,C*07:02,
105_Positive,A*02:01,A*03:01,B*44:02,B*57:01,C*05:01,C*06:02
106_Positive,A*02:01,A*03:01,B*07:02,B*40:02,C*03:04,C*07:02
107_Positive,A*03:01,A*29:02,B*35:03,B*44:03,C*04:01,C*16:01
108_Positive,A*02:01,A*26:01,B*38:01,B*40:01,C*03:04,C*12:03
109_Positive,A*02:01,A*30:04,B*14:01,B*49:01,C*07:01,C*08:02
110_Positive,A*03:01,A*25:01,B*07:02,B*15:01,C*03:04,C*07:02
111_Positive,A*03:02,,B*08:01,B*44:02,C*07:02,C*16:04
112_Positive,A*02:01,A*32:01,B*40:02,B*50:01,C*02:02,C*06:02
113_Positive,A*02:01,A*02:05,B*40:02,B*50:01,C*02:02,C*06:02
115_Positive,A*32:01,A*66:01,B*58:01,B*58:02,C*03:02,C*06:02
117_Positive,A*01:01,A*02:01,B*18:01,B*40:02,C*02:02,C*07:01
118_Positive,A*01:01,A*03:02,B*08:01,B*44:02,C*07:02,C*16:04
119_Positive,A*11:01,A*24:02,B*44:02,B*51:01,C*04:01,C*05:01
120_Positive,A*26:01,A*32:01,B*44:02,B*55:01,C*03:03,C*05:01
121_Positive,A*01:01,A*03:01,B*08:01,,C*07:01,
122_Positive,A*03:01,A*68:01,B*35:01,B*44:02,C*04:01,C*07:04
123_Positive,A*02:01,A*03:01,B*35:03,B*51:01,C*04:01,C*14:02
124_Positive,A*23:01,A*24:02,B*35:08,B*49:01,C*04:01,C*07:01
125_Positive,A*23:01,A*32:01,B*40:02,B*49:01,C*02:02,C*07:01
126_Positive,A*02:01,A*11:01,B*27:02,B*44:02,C*02:02,C*07:01
127_Positive,A*03:01,A*23:01,B*07:02,B*44:03,C*04:01,C*07:02
128_Positive,A*32:01,,B*35:01,B*44:02,C*04:01,C*05:01
130_Positive,A*02:01,A*03:01,B*13:02,B*40:01,C*03:04,C*06:02
131_Positive,A*02:01,,B*15:01,B*35:01,C*03:03,C*04:01
132_Positive,A*11:01,,B*13:01,B*56:01,C*04:03,C*04:10
133_Positive,A*01:01,A*31:01,B*13:02,B*38:01,C*06:02,C*12:03
134_Positive,A*26:01,A*33:03,B*35:02,B*50:01,C*04:01,C*06:02
135_Positive,A*02:01,A*31:01,B*40:01,B*44:03,C*03:04,
136_Positive,A*02:01,,B*08:01,B*27:05,C*01:02,C*07:01
137_Positive,A*24:02,A*32:01,B*35:01,,C*04:01,
138_Positive,A*26:01,A*32:01,B*27:05,B*38:01,C*02:02,C*12:03
139_Positive,A*23:01,A*24:02,B*13:02,B*44:03,C*04:01,C*06:02
140_Positive,A*03:01,A*68:01,B*37:01,B*44:02,C*05:01,C*06:02
141_Positive,A*11:01,,B*51:01,B*55:01,C*01:02,C*15:09
142_Positive,A*03:01,A*68:01,B*40:01,,C*03:04,
143_Positive,A*02:01,A*24:02,B*38:01,B*39:24,C*07:01,C*12:03
144_Positive,A*01:01,A*02:01,B*13:02,B*15:01,C*03:03,C*06:02
145_Positive,A*03:01,A*24:02,B*15:01,B*35:03,C*04:01,C*07:01
146_Positive,A*23:01,A*66:02,B*07:02,B*58:01,C*07:01,C*07:783
147_Positive,A*23:01,A*24:10,B*18:02,B*44:03,C*04:01,C*07:04
148_Positive,A*02:05,A*26:01,B*15:220,B*55:01,C*03:03,C*12:03
150_Positive,A*01:01,A*02:01,B*08:01,,C*07:01,
151_Positive,A*01:01,A*24:02,B*08:01,B*15:01,C*03:03,C*07:01
152_Positive,A*02:01,A*03:01,B*15:01,B*41:01,C*03:03,C*17:01
153_Positive,A*68:01,,B*40:01,B*44:02,C*03:04,C*07:04
154_Positive,A*26:01,A*32:01,B*18:01,B*27:05,C*01:02,C*02:02
155_Positive,A*02:01,A*03:01,B*35:01,B*40:01,C*03:04,C*04:01
156_Positive,A*02:01,A*11:01,B*35:01,B*40:01,C*03:04,C*04:01
157_Positive,A*01:01,A*11:01,B*08:01,B*35:01,C*04:01,C*07:01
158_Positive,A*02:01,A*31:01,B*07:06,B*57:01,C*06:02,C*15:05
159_Positive,A*02:07,A*31:01,B*40:01,B*40:02,C*03:03,C*14:02
160_Positive,A*01:01,A*02:01,B*49:01,B*51:01,C*07:01,C*15:04
161_Positive,A*11:01,A*34:01,B*15:21,B*48:01,C*01:02,C*04:03
162_Positive,A*02:01,A*03:01,B*13:02,B*51:01,C*06:02,C*07:01
163_Positive,A*02:01,A*24:02,B*07:02,B*15:01,C*04:01,C*07:02
164_Positive,A*03:01,,B*07:02,B*44:02,C*05:01,C*07:02
165_Positive,A*03:01,A*24:02,B*07:02,B*35:01,C*04:01,C*07:02
166_Positive,A*02:01,A*24:02,B*18:01,B*39:06,C*07:01,C*07:02
167_Positive,A*01:01,A*02:01,B*15:01,B*57:01,C*03:04,C*06:02
168_Positive,A*01:01,A*30:01,B*08:01,B*55:01,C*03:03,C*07:01
169_Positive,A*02:01,A*03:01,B*27:05,B*40:01,C*02:02,C*03:04
170_Positive,A*01:01,A*11:01,B*08:01,B*35:01,C*04:01,C*07:01
171_Positive,A*01:01,A*68:01,B*07:02,B*08:01,C*07:01,C*07:02
172_Positive,A*01:01,A*02:01,B*08:01,B*15:24,C*03:03,C*07:01
173_Positive,A*02:01,A*25:01,B*15:01,B*18:01,C*03:04,C*12:03
174_Positive,A*03:01,,B*35:01,B*39:01,C*04:01,C*12:03
175_Positive,A*01:01,A*02:01,B*44:02,B*44:05,C*05:01,C*06:02
176_Positive,A*02:01,,B*35:03,B*57:01,C*06:02,C*12:03
177_Positive,A*02:01,,B*15:01,B*44:02,C*03:04,C*05:01
178_Positive,A*02:01,A*03:01,B*27:05,B*35:01,C*01:02,C*04:01
179_Positive,A*02:01,,B*44:02,B*57:01,C*05:01,C*06:02
180_Positive,A*02:01,A*03:01,B*08:01,B*40:01,C*03:04,C*07:01
181_Positive,A*03:01,A*68:01,B*35:01,B*44:03,C*04:01,C*16:01
182_Positive,A*02:01,,B*35:08,B*41:01,C*04:01,C*07:01
183_Positive,A*01:01,A*03:01,B*37:01,B*53:01,C*04:01,C*06:02
184_Positive,A*01:01,,B*08:01,B*35:01,C*04:01,C*07:01
185_Positive,A*11:01,A*23:01,B*18:01,B*44:03,C*04:01,C*07:01
186_Positive,A*03:01,A*68:01,B*07:02,B*40:01,C*03:04,C*07:02
187_Positive,A*02:01,A*32:01,B*40:02,B*51:01,C*02:02,C*07:02
188_Positive,A*01:01,A*30:01,B*13:02,B*41:01,C*06:02,C*17:01
189_Positive,A*24:02,A*32:01,B*27:05,B*55:01,C*01:02,C*03:03
190_Positive,A*01:01,A*02:01,B*08:01,B*27:05,C*02:02,C*07:01
191_Positive,A*02:01,A*24:02,B*07:02,B*08:01,C*07:01,C*07:02
192_Positive,A*02:01,A*11:01,B*40:01,B*49:01,C*03:04,C*07:01
193_Positive,A*24:02,A*26:01,B*07:02,B*37:01,C*06:02,C*07:02
194_Positive,A*01:01,A*02:01,B*40:01,B*40:02,C*02:02,C*03:04
195_Positive,A*01:01,A*33:01,B*08:01,B*14:02,C*07:01,C*08:02
196_Positive,A*01:01,A*03:01,B*07:02,B*15:01,C*03:04,C*07:02
197_Positive,A*01:01,A*02:01,B*08:01,B*15:01,C*03:04,C*07:01
198_Positive,A*03:01,A*24:02,B*07:02,B*44:05,C*02:02,C*07:02
199_Positive,A*02:01,A*03:01,B*07:02,B*08:01,C*07:01,C*07:02
200_Positive,A*02:01,A*02:05,B*27:02,B*27:05,C*01:02,C*02:02
201_Positive,A*11:01,A*23:01,B*40:02,B*44:03,C*02:02,C*04:01
202_Positive,A*02:01,,B*44:02,,C*05:01,
203_Positive,A*01:01,A*24:02,B*07:02,B*39:06,C*07:02,
204_Positive,A*01:01,A*25:01,B*35:03,B*51:01,C*01:02,C*06:02
205_Positive,A*03:01,A*32:01,B*07:02,B*40:01,C*03:04,C*07:02
206_Positive,A*23:01,A*74:01,B*15:03,B*42:01,C*02:10,C*17:01
207_Positive,A*02:01,A*11:01,B*27:02,B*44:02,C*02:02,C*05:01
208_Positive,A*02:01,A*29:02,B*44:03,B*57:01,C*06:02,C*16:01
209_Positive,A*02:01,A*03:01,B*35:03,B*40:01,C*03:04,C*04:01
210_Positive,A*02:01,A*24:02,B*15:01,B*18:01,C*03:03,C*07:01
211_Positive,A*03:01,A*26:01,B*14:02,B*38:01,C*08:02,C*12:03
212_Positive,A*23:01,A*30:01,B*07:02,,C*07:01,C*07:783
213_Positive,A*02:01,A*26:01,B*38:01,B*52:01,C*12:03,C*16:01
214_Positive,A*02:01,A*03:01,B*07:02,B*15:01,C*03:03,C*07:02
215_Positive,A*02:01,A*03:01,B*35:03,B*44:02,C*04:01,C*05:01
216_Positive,A*01:01,A*33:03,B*44:03,B*51:01,C*07:06,C*14:02
217_Positive,A*01:01,A*02:01,B*44:02,B*58:01,C*05:01,C*07:18
218_Positive,A*01:01,A*02:01,B*35:01,B*51:01,C*04:01,C*15:02
220_Positive,A*23:01,A*33:03,B*07:02,B*53:01,C*04:01,C*15:05
221_Positive,A*24:02,A*29:02,B*40:01,B*44:03,C*03:04,C*16:01
222_Positive,A*02:01,A*26:01,B*13:02,B*27:05,C*02:02,C*06:02
223_Positive,A*03:01,A*24:02,B*07:02,,C*07:02,
224_Positive,A*01:01,A*24:02,B*27:05,B*51:01,C*01:07,C*02:02
225_Positive,A*02:01,A*68:02,B*15:17,B*35:01,C*01:02,C*04:01
226_Positive,A*01:01,A*33:03,B*08:01,B*58:01,C*03:02,C*07:01
227_Positive,A*01:01,A*03:01,B*15:01,B*35:01,C*03:03,C*04:01
228_Positive,A*11:01,A*32:01,B*44:03,B*52:01,C*04:01,C*12:02
229_Positive,A*02:01,A*03:01,B*07:02,B*15:01,C*03:04,C*07:02
230_Positive,A*02:01,A*24:02,B*15:01,B*57:01,C*03:04,C*06:02
231_Positive,A*03:01,A*26:01,B*18:01,,C*12:03,
232_Positive,A*24:02,A*68:01,B*08:01,B*44:05,C*04:226,C*07:01
233_Positive,A*24:02,A*68:01,B*44:02,B*55:01,C*03:03,C*05:01
234_Positive,A*02:01,A*24:02,B*18:01,,C*05:01,C*12:03
235_Positive,A*02:01,A*11:01,B*40:02,B*44:02,C*02:02,C*05:01
236_Positive,A*23:01,A*32:01,B*35:01,B*44:02,C*04:01,C*05:01
237_Positive,A*01:01,A*02:01,B*08:01,B*15:01,C*03:04,C*07:01
238_Positive,A*01:01,A*02:01,B*08:01,B*15:01,C*03:03,C*07:01
239_Positive,A*02:01,A*68:01,B*07:02,B*15:01,C*03:03,C*07:02
240_Positive,A*02:01,,B*35:03,B*44:02,C*04:01,C*05:01
241_Positive,A*03:01,A*24:02,B*07:02,,C*07:02,C*07:10
242_Positive,A*03:01,A*32:01,B*35:01,B*38:01,C*04:01,C*12:03
243_Positive,A*03:01,,B*07:02,,C*07:02,
244_Positive,A*24:02,,B*15:01,B*40:01,C*03:04,C*04:01
245_Positive,A*02:01,,B*15:01,B*40:02,C*02:02,C*03:03
246_Positive,A*32:01,A*68:01,B*40:02,B*44:02,C*02:02,C*07:04
247_Positive,A*02:01,A*68:01,B*44:02,,C*05:01,C*07:04
248_Positive,A*02:07,A*02:11,B*46:01,B*49:01,C*01:02,C*07:01
249_Positive,A*01:01,,B*15:17,B*44:03,C*07:01,C*07:06
250_Positive,A*02:01,A*68:02,B*35:03,B*53:01,C*04:01,C*12:03
252_Positive,A*03:01,,B*07:02,B*35:01,C*04:01,C*07:02
253_Positive,A*02:01,A*03:01,B*07:02,B*40:01,C*03:04,C*07:02
254_Positive,A*11:01,A*23:01,B*35:03,B*41:01,C*02:02,C*17:01
255_Positive,A*02:01,A*11:01,B*15:02,B*15:13,C*08:01,
256_Positive,A*03:02,A*26:01,B*35:01,B*51:01,C*01:02,C*04:01
257_Positive,A*03:01,A*11:01,B*35:01,B*51:01,C*04:01,C*15:04
258_Positive,A*02:03,A*24:02,B*18:01,B*27:06,C*03:04,C*07:04
259_Positive,A*02:01,A*02:11,B*35:03,B*51:19,C*04:01,C*14:02
262_Positive,A*01:01,A*02:01,B*37:01,B*40:01,C*03:04,C*06:02
263_Positive,A*01:01,A*03:01,B*08:01,B*39:06,C*07:01,C*07:02
264_Positive,A*02:01,A*26:01,B*15:17,B*37:01,C*06:02,C*07:01
265_Positive,A*01:01,A*02:01,B*07:02,B*08:01,C*07:01,C*07:02
266_Positive,A*03:01,,B*07:02,B*35:01,C*04:01,C*07:02
267_Positive,A*25:01,,B*18:01,,C*12:03,
268_Positive,A*03:02,A*24:02,B*08:01,B*15:01,C*03:03,C*07:02
269_Positive,A*01:01,A*02:01,B*37:01,B*44:02,C*05:01,C*06:02
270_Positive,A*02:07,A*11:01,B*46:01,B*51:01,C*01:02,C*14:02
271_Positive,A*02:01,,B*15:39,B*27:05,C*02:02,C*04:01
274_Positive,A*02:02,A*36:01,B*53:01,B*58:01,C*04:01,C*07:18
275_Positive,A*01:01,,B*08:01,,C*07:01,
276_Positive,A*03:01,A*31:01,B*35:01,B*51:01,C*04:01,C*15:02
277_Positive,A*02:01,,B*40:01,B*55:01,C*03:03,C*03:04
278_Positive,A*03:01,A*33:03,B*56:01,B*58:01,C*03:02,C*15:02
279_Positive,A*02:05,A*02:22,B*14:02,B*58:01,C*03:02,C*08:02
280_Positive,A*03:01,A*11:01,B*35:01,B*52:01,C*04:01,C*12:02
281_Positive,A*02:01,A*24:02,B*07:02,B*40:01,C*03:04,C*07:02
282_Positive,A*02:01,A*33:01,B*15:01,B*49:01,C*03:03,C*07:01
283_Positive,A*02:01,,B*40:01,B*51:01,C*03:04,C*16:02
284_Positive,A*02:01,A*03:01,B*14:02,B*44:02,C*05:01,C*08:02
285_Positive,A*02:01,A*03:01,B*35:01,,C*04:01,
286_Positive,A*74:01,,B*14:02,B*35:01,C*07:01,C*08:02
287_Positive,A*26:01,A*31:01,B*15:10,B*35:01,C*03:04,C*04:01
288_Positive,A*02:01,A*31:01,B*07:02,B*39:01,C*02:02,C*12:03
289_Positive,A*23:17,A*30:02,B*08:01,B*50:01,C*04:01,C*07:01
290_Positive,A*03:01,A*11:01,B*07:02,B*08:01,C*07:01,C*07:768
291_Positive,A*01:01,A*29:02,B*08:01,B*44:03,C*07:01,C*16:01
292_Positive,A*01:01,A*02:01,B*13:02,B*37:01,C*06:02,
296_Positive,A*02:01,,B*08:01,B*39:01,C*07:619,C*12:03
297_Positive,A*24:02,,B*08:01,B*27:05,C*02:02,C*07:01
298_Positive,A*02:01,A*31:01,B*15:01,B*27:05,C*02:02,C*03:03
299_Positive,A*11:01,,B*35:01,B*37:01,C*04:01,C*06:02
300_Positive,A*24:02,A*30:02,B*18:03,B*42:01,C*04:01,C*17:01
301_Positive,A*01:01,A*02:01,B*08:01,B*44:02,C*05:01,C*07:01
302_Positive,A*02:01,A*68:02,B*14:02,B*51:01,C*08:02,C*15:02
303_Positive,A*01:01,A*11:01,B*08:01,B*35:01,C*04:01,C*07:01
304_Positive,A*03:01,A*11:01,B*07:02,B*35:01,C*03:03,C*07:02
305_Positive,A*02:05,A*26:08,B*37:01,B*51:01,C*06:02,C*15:02
306_Positive,A*02:01,,B*44:02,B*44:03,C*05:01,C*16:01
307_Positive,A*01:01,A*29:02,B*45:01,B*52:01,C*06:02,C*12:02
308_Positive,A*01:01,,B*08:01,B*52:01,C*07:01,C*16:01
309_Positive,A*31:01,A*74:01,B*39:05,B*44:03,C*07:01,C*07:02
310_Positive,A*31:01,A*32:01,B*15:18,B*40:01,C*03:04,C*07:04
311_Positive,A*01:01,,B*07:02,B*08:01,C*07:01,C*07:02
312_Positive,A*03:01,A*26:01,B*07:02,B*55:01,C*03:03,C*07:02
313_Positive,A*02:01,A*24:02,B*35:02,B*44:02,C*04:01,C*05:01
315_Positive,A*02:01,,B*15:01,B*51:01,C*02:02,C*03:04
316_Positive,A*02:01,A*33:05,B*14:02,B*35:01,C*04:01,C*08:02
317_Positive,A*02:01,A*68:01,B*15:01,B*55:01,C*03:03,
318_Positive,A*01:01,A*03:01,B*18:01,B*37:01,C*05:01,C*06:02
319_Positive,A*24:02,A*68:01,B*15:18,B*35:03,C*04:01,C*07:04
320_Positive,A*01:01,A*02:01,B*07:02,B*37:01,C*06:02,C*07:02
321_Positive,A*01:01,A*11:03,B*40:01,B*40:06,C*03:04,C*12:02
322_Positive,A*02:02,A*74:01,B*53:01,,C*04:01,
323_Positive,A*03:01,A*23:01,B*07:02,B*50:01,C*05:01,C*15:05
324_Positive,A*02:01,A*03:01,B*07:02,B*15:01,C*03:03,C*07:02
325_Positive,A*11:01,A*23:01,B*07:02,B*49:01,C*07:01,C*07:02
326_Positive,A*02:01,A*24:02,B*07:02,B*37:01,C*07:02,C*12:03
327_Positive,A*32:01,A*68:02,B*38:01,B*49:01,C*07:01,C*12:03
328_Positive,A*03:01,A*32:01,B*07:02,B*15:01,C*03:03,C*07:02
329_Positive,A*02:11,A*11:01,B*40:06,,C*15:02,
330_Positive,A*02:01,A*03:01,B*07:02,B*15:01,C*03:04,C*07:02
331_Positive,A*02:01,A*03:01,B*07:02,B*40:01,C*03:04,C*07:02
332_Positive,A*23:01,A*30:02,B*07:02,B*57:03,C*07:02,C*18:02
333_Positive,A*02:01,A*24:02,B*15:13,B*35:02,C*04:01,C*08:01
334_Positive,A*03:01,A*33:01,B*14:02,B*38:01,C*08:02,C*12:03
335_Positive,A*03:01,A*33:01,B*14:02,B*18:01,C*07:01,C*08:02
336_Positive,A*01:01,A*29:02,B*37:01,B*44:02,C*05:01,C*06:02
337_Positive,A*03:01,A*33:01,B*15:03,,C*02:10,
338_Positive,A*02:02,A*03:01,B*07:02,B*35:01,C*04:01,C*07:02
339_Positive,A*02:01,A*31:01,B*13:02,B*39:01,C*06:02,C*12:03
340_Positive,A*03:01,A*32:01,B*18:01,B*40:01,C*03:04,C*07:01
341_Positive,A*02:01,A*31:01,B*07:02,B*39:01,C*07:02,C*12:03
342_Positive,A*02:04,A*23:01,B*07:02,B*51:01,C*15:02,C*15:05
343_Positive,A*02:01,A*24:03,B*35:01,B*35:04,C*04:01,C*16:01
344_Positive,A*02:01,A*02:02,B*15:03,B*39:12,C*02:10,C*07:02
345_Positive,A*01:01,A*29:02,B*08:01,B*44:03,C*07:01,C*16:01
346_Positive,A*01:01,A*68:01,B*07:02,B*18:01,C*07:01,C*07:02
347_Positive,A*02:01,A*03:01,B*07:02,B*57:01,C*06:02,C*07:02
348_Positive,A*02:01,A*30:04,B*39:01,B*51:08,C*07:02,C*16:02
349_Positive,A*02:01,,B*07:02,B*55:01,C*03:03,C*07:02
350_Positive,A*02:01,A*30:01,B*13:02,B*73:01,C*06:02,C*15:05
351_Positive,A*02:01,A*02:05,B*15:03,B*50:01,C*02:10,C*06:02
352_Positive,A*36:01,A*68:02,B*15:10,B*53:01,C*03:02,C*04:01
353_Positive,A*11:01,A*24:02,B*18:01,B*51:01,C*07:04,C*14:02
354_Positive,A*03:01,A*31:01,B*07:02,B*44:03,C*07:02,C*07:06
355_Positive,A*02:01,A*30:01,B*42:02,B*49:01,C*07:01,C*17:01
356_Positive,A*24:02,A*34:01,B*13:01,B*54:01,C*01:02,C*04:01
357_Positive,A*02:01,A*32:01,B*07:02,B*40:02,C*02:02,C*07:02
358_Positive,A*33:03,A*34:01,B*15:35,B*51:01,C*01:02,C*15:02
360_Positive,A*01:01,A*02:05,B*08:01,B*50:01,C*06:02,C*07:01
361_Positive,A*02:01,A*03:01,B*40:01,B*44:02,C*03:04,C*05:01
362_Positive,A*03:01,,B*07:02,B*47:01,C*06:02,C*07:02
363_Positive,A*02:01,A*31:01,B*18:01,B*40:01,C*03:04,C*07:01
364_Positive,A*02:01,,B*07:02,B*15:01,C*03:04,C*07:02
365_Positive,A*01:01,A*02:01,B*08:01,B*15:01,C*03:04,C*07:01
366_Positive,A*03:01,,B*53:01,B*58:01,C*04:01,
367_Positive,A*01:01,,B*08:01,B*57:01,C*06:02,C*07:01
368_Positive,A*03:01,A*29:02,B*08:01,B*58:02,C*06:02,C*07:01
369_Positive,A*03:01,A*11:01,B*35:01,B*40:01,C*03:04,C*04:01
370_Positive,A*01:01,A*03:01,B*35:01,B*57:01,C*04:01,C*06:02
371_Positive,A*02:01,A*26:01,B*15:03,B*35:01,C*02:10,C*04:01
372_Positive,A*01:01,A*26:01,B*08:01,B*18:01,C*07:01,
374_Positive,A*02:01,A*68:02,B*18:01,B*44:03,C*04:01,C*05:01
375_Positive,A*02:01,,B*18:01,B*44:02,C*05:01,
376_Positive,A*02:01,A*26:01,B*08:01,B*15:03,C*02:10,C*03:04
377_Positive,A*01:01,A*03:01,B*07:02,B*18:01,C*07:02,C*12:03
379_Positive,A*24:02,A*26:01,B*38:01,B*52:01,C*04:01,C*12:03
380_Positive,A*02:01,A*24:02,B*08:01,B*27:05,C*01:02,C*07:01
381_Positive,A*03:01,A*11:01,B*07:02,B*55:01,C*03:03,C*16:04
382_Positive,A*03:01,A*24:07,B*07:06,B*35:01,C*04:01,C*07:02
383_Positive,A*25:01,A*31:01,B*18:01,B*40:01,C*03:04,C*12:03
384_Positive,A*68:01,A*68:02,B*07:02,B*35:01,C*04:01,C*15:05
385_Positive,A*02:01,A*24:02,B*35:05,B*48:01,C*04:01,C*08:03
386_Positive,A*01:01,A*68:01,B*52:01,B*55:01,C*01:02,C*12:02
387_Positive,A*01:01,A*68:01,B*07:02,B*56:01,C*01:02,C*07:02
388_Positive,A*11:01,A*33:03,B*39:01,B*58:01,C*03:02,C*04:01
389_Positive,A*02:01,A*33:01,B*14:02,B*55:01,C*07:01,C*08:02
390_Positive,A*02:01,A*24:02,B*40:01,B*51:01,C*03:04,C*15:02
391_Positive,A*01:01,A*31:01,B*08:01,B*40:01,C*03:04,C*07:01
393_Positive,A*11:01,A*34:02,B*07:02,B*44:03,C*04:01,C*07:02
394_Positive,A*01:01,A*02:01,B*44:02,B*51:01,C*05:01,C*16:02
395_Positive,A*02:01,,B*15:01,B*55:01,C*03:03,
396_Positive,A*03:01,,B*07:02,B*35:01,C*04:01,C*07:02
397_Positive,A*02:01,A*24:02,B*13:01,B*15:11,C*03:03,C*03:04
398_Positive,A*02:01,A*24:02,B*39:06,B*44:02,C*05:01,C*07:02
399_Positive,A*03:01,A*30:01,B*13:02,B*50:01,C*06:02,
400_Positive,A*02:01,A*11:01,B*07:02,B*52:01,C*07:02,
401_Positive,A*30:02,A*33:03,B*55:01,B*58:01,C*03:02,C*03:03
402_Positive,A*01:01,,B*08:01,,C*07:01,
403_Positive,A*03:01,A*11:01,B*27:05,B*52:01,C*01:02,C*12:02
404_Positive,A*02:01,A*11:01,B*15:01,,C*03:03,C*03:04
405_Positive,A*32:01,A*68:01,B*40:02,,C*02:02,
407_Positive,A*01:01,A*33:01,B*13:02,B*41:01,C*06:02,C*17:01
408_Positive,A*02:01,A*23:01,B*07:02,B*44:03,C*04:01,C*07:02
409_Positive,A*30:04,A*31:01,B*38:01,B*51:08,C*12:03,C*16:02
410_Positive,A*02:03,A*24:02,B*38:02,B*40:06,C*07:02,C*15:02
411_Positive,A*02:01,A*03:01,B*35:01,B*40:01,C*03:04,C*04:01
412_Positive,A*03:01,A*25:01,B*07:02,B*18:01,C*07:02,C*12:03
413_Positive,A*02:01,A*34:02,B*35:01,B*37:01,C*06:02,C*07:01
414_Positive,A*24:07,A*34:01,B*15:21,B*40:10,C*04:03,
415_Positive,A*02:01,,B*07:02,,C*07:02,C*12:03
416_Positive,A*03:01,A*29:02,B*35:01,B*44:03,C*04:01,C*16:01
417_Positive,A*01:01,A*02:01,B*07:02,B*57:01,C*06:02,C*07:02
418_Positive,A*02:02,A*03:01,B*38:01,B*53:01,C*04:01,C*12:03
420_Positive,A*02:01,A*24:02,B*15:17,B*51:01,C*07:01,C*14:02
421_Positive,A*02:03,A*02:06,B*07:02,B*58:01,C*03:02,C*07:02
422_Positive,A*02:01,A*66:01,B*08:01,B*41:02,C*07:01,C*17:03
423_Positive,A*02:01,A*29:10,B*07:02,B*14:02,C*07:02,C*08:02
424_Positive,A*30:01,A*33:03,B*42:01,B*57:02,C*17:01,C*18:02
425_Positive,A*02:01,A*11:01,B*35:03,B*39:01,C*12:03,
426_Positive,A*03:01,A*34:01,B*07:02,B*15:21,C*04:03,C*07:02
427_Positive,A*26:01,A*33:03,B*08:01,B*35:03,C*04:01,C*07:02
428_Positive,A*03:01,A*74:01,B*08:01,B*57:01,C*06:02,C*07:01
430_Positive,A*02:01,A*11:01,B*44:02,,C*05:01,
431_Positive,A*01:01,A*02:01,B*15:01,B*18:01,C*03:04,C*07:01
432_Positive,A*01:01,A*02:01,B*08:01,B*15:01,C*03:03,C*07:01
433_Positive,A*01:01,A*02:17,B*35:02,B*57:01,C*04:01,C*06:02
434_Positive,A*01:01,A*24:02,B*41:01,B*44:05,C*02:02,C*17:01
435_Positive,A*01:01,,B*07:02,B*08:01,C*07:01,C*07:02
436_Positive,A*01:01,A*33:03,B*49:01,B*50:01,C*06:02,C*07:01
437_Positive,A*03:01,,B*15:01,B*35:01,C*03:04,C*04:01
438_Positive,A*02:01,A*11:01,B*15:01,,C*03:04,
439_Positive,A*02:01,,B*15:01,B*44:02,C*03:03,C*05:01
440_Positive,A*11:01,A*23:17,B*52:01,B*81:01,C*12:02,C*18:01
441_Positive,A*01:01,A*02:01,B*40:01,,C*03:04,
442_Positive,A*01:01,,B*08:01,,C*07:01,
443_Positive,A*01:01,A*02:01,B*08:01,B*15:01,C*04:01,C*07:01
444_Positive,A*01:01,A*24:02,B*08:01,B*49:01,C*07:01,
445_Positive,A*02:01,A*31:01,B*13:02,B*51:01,C*06:02,C*15:02
446_Positive,A*02:01,A*03:02,B*40:01,B*51:01,C*03:04,C*15:02
447_Positive,A*03:01,A*33:01,B*07:02,B*14:02,C*07:02,C*08:02
448_Positive,A*03:01,A*31:01,B*35:01,B*39:01,C*04:01,C*12:03
449_Positive,A*02:03,A*33:03,B*44:03,,C*07:06,
450_Positive,A*24:02,A*30:04,B*07:02,B*41:01,C*07:02,C*17:01
451_Positive,A*03:01,A*32:01,B*35:03,B*37:01,C*04:01,C*06:02
452_Positive,A*03:01,A*24:02,B*35:01,B*39:06,C*04:01,C*07:02
453_Positive,A*01:01,A*02:686,B*07:02,B*57:01,C*06:02,C*07:02
454_Positive,A*02:01,A*11:01,B*15:01,,C*01:02,C*03:04
455_Positive,A*24:02,A*34:01,B*15:06,B*15:21,C*04:03,
456_Positive,A*11:01,A*33:01,B*14:02,B*35:03,C*04:01,C*08:02
457_Positive,A*03:01,A*29:02,B*35:01,B*44:03,C*04:01,C*16:01
458_Positive,A*01:01,A*02:01,B*08:01,B*15:01,C*03:04,C*07:01
459_Positive,A*01:01,A*02:01,B*35:01,,C*04:01,
460_Positive,A*01:01,A*03:01,B*18:01,B*40:01,C*03:04,C*07:01
461_Positive,A*02:01,A*29:02,B*27:02,B*44:03,C*02:02,C*16:01
462_Positive,A*02:01,,B*07:02,B*08:01,C*07:01,C*07:02
463_Positive,A*03:01,A*11:01,B*07:02,B*08:01,C*03:03,C*07:02
464_Positive,A*23:01,A*30:02,B*07:06,B*49:01,C*07:01,C*07:02
465_Positive,A*03:01,,B*13:02,B*51:01,C*06:02,C*14:02
466_Positive,A*01:01,A*02:01,B*44:02,B*51:01,C*05:01,C*15:02
467_Positive,A*02:01,,B*39:01,B*44:02,C*05:01,C*12:03
468_Positive,A*26:01,A*30:01,B*27:03,B*57:03,C*03:04,C*18:02
469_Positive,A*01:01,A*02:01,B*08:01,B*51:01,C*02:02,C*07:01
470_Positive,A*02:01,A*11:01,B*35:01,B*44:03,C*04:01,C*16:01
471_Positive,A*02:01,A*03:01,B*27:05,B*49:01,C*02:02,C*12:03
472_Positive,A*02:01,A*24:02,B*35:03,B*40:01,C*03:04,C*12:03
473_Positive,A*02:01,A*03:01,B*07:02,B*57:01,C*06:02,C*07:02
474_Positive,A*01:03,A*24:02,B*18:01,B*73:01,C*12:03,C*15:05
475_Positive,A*26:01,A*29:02,B*40:02,B*44:03,C*02:02,C*16:01
476_Positive,A*02:01,A*11:01,B*07:02,B*35:01,C*04:01,C*07:02
477_Positive,A*03:01,A*24:02,B*18:01,B*35:01,C*04:01,C*07:01
478_Positive,A*03:01,A*23:01,B*15:01,B*44:03,C*03:04,C*04:01
479_Positive,A*03:01,,B*07:02,B*27:05,C*02:02,C*07:02
480_Positive,A*02:01,,B*44:02,,C*05:01,
481_Positive,A*01:01,A*03:01,B*35:01,B*51:01,C*04:01,C*15:02
482_Positive,A*03:01,A*11:01,B*35:01,B*40:01,C*03:04,C*04:01
483_Positive,A*01:01,A*02:01,B*40:02,B*56:01,C*01:02,C*02:02
484_Positive,A*01:01,A*02:01,B*27:05,B*40:01,C*01:02,C*03:04
485_Positive,A*02:01,A*31:01,B*27:05,B*39:01,C*02:02,C*07:02
486_Positive,A*02:01,,B*40:01,,C*03:04,
487_Positive,A*24:02,A*68:01,B*18:01,B*51:01,C*05:01,C*15:02
488_Positive,A*01:01,A*02:01,B*07:02,B*37:01,C*06:02,C*07:02
489_Positive,A*01:01,A*02:01,B*07:02,B*08:01,C*07:01,C*07:02
490_Positive,A*02:01,A*29:02,B*44:02,B*44:03,C*05:01,C*16:01
491_Positive,A*03:01,A*31:01,B*35:01,B*35:03,C*04:01,
493_Positive,A*02:01,A*68:243,B*40:01,B*44:02,C*03:04,C*05:01
494_Positive,A*01:01,A*03:01,B*08:01,B*47:01,C*06:02,C*07:01
495_Positive,A*01:01,A*24:02,B*08:01,,C*07:01,
496_Positive,A*03:01,A*24:02,B*14:02,B*18:01,C*05:01,C*08:02
497_Positive,A*01:01,A*02:01,B*08:01,B*51:01,C*07:01,C*15:02
498_Positive,A*02:01,A*29:02,B*15:01,B*44:03,C*03:04,C*16:01
499_Positive,A*02:01,A*03:01,B*35:01,B*39:31,C*04:01,C*12:03
500_Positive,A*01:01,,B*08:01,B*57:01,C*06:02,C*07:01
501_Positive,A*30:01,A*68:01,B*13:02,B*35:01,C*04:01,C*06:02
502_Positive,A*23:01,A*34:02,B*15:17,B*53:01,C*03:04,C*05:01
503_Positive,A*01:01,A*68:01,B*08:01,B*44:02,C*05:01,C*07:01
504_Positive,A*01:01,A*24:02,B*08:01,B*40:01,C*03:04,C*07:01
506_Positive,A*01:01,A*02:01,B*08:01,B*44:02,C*06:02,C*07:01
507_Positive,A*24:02,A*32:01,B*35:01,B*35:03,C*04:01,C*12:03
508_Positive,A*02:01,,B*15:01,B*51:01,C*03:04,C*12:03
509_Positive,A*01:01,,B*40:06,B*56:01,C*01:02,C*15:02
510_Positive,A*01:01,A*03:01,B*07:02,B*08:01,C*07:01,C*07:02
511_Positive,A*01:01,A*29:02,B*07:02,B*08:01,C*07:01,C*07:02
512_Positive,A*02:01,A*03:01,B*07:02,B*44:02,C*05:01,C*07:02
513_Positive,A*01:01,A*30:01,B*07:02,B*57:01,C*06:02,C*07:02
514_Positive,A*01:01,A*02:01,B*44:02,B*57:01,C*05:01,C*06:02
515_Positive,A*02:01,A*32:01,B*07:02,B*51:01,C*02:02,C*07:02
516_Positive,A*31:01,A*33:01,B*14:02,B*27:05,C*02:02,C*08:02
517_Positive,A*03:01,A*31:01,B*35:01,B*40:01,C*03:04,C*04:01
518_Positive,A*02:01,A*36:01,B*15:10,B*39:24,C*07:01,C*08:04
519_Positive,A*02:01,A*31:01,B*18:01,B*51:01,C*12:03,C*14:02
520_Positive,A*11:01,A*33:03,B*15:18,B*58:01,C*03:02,C*08:01
521_Positive,A*01:01,A*03:01,B*13:02,B*57:01,C*06:02,C*06:07
522_Positive,A*32:01,A*68:01,B*18:01,B*44:02,C*05:37,C*07:04
523_Positive,A*02:01,,B*18:03,B*51:01,C*07:01,C*16:02
524_Positive,A*03:01,A*11:01,B*35:01,,C*04:01,
525_Positive,A*03:01,A*68:02,B*53:01,B*57:01,C*04:01,C*06:02
526_Positive,A*02:01,A*11:01,B*39:01,B*54:01,C*01:02,C*07:02
527_Positive,A*02:01,A*68:01,B*13:02,B*15:01,C*03:04,C*06:02
529_Positive,A*01:01,A*11:01,B*40:01,B*56:01,C*01:02,C*03:04
530_Positive,A*24:07,,B*15:02,B*35:05,C*04:01,C*08:01
531_Positive,A*11:01,A*33:03,B*44:03,B*58:01,C*03:02,C*07:06
532_Positive,A*30:01,A*34:02,B*42:01,B*82:01,C*03:02,C*17:01
533_Positive,A*02:01,A*68:01,B*07:02,B*51:01,C*07:02,C*15:02
534_Positive,A*02:01,A*32:01,B*07:02,,C*07:02,
535_Positive,A*01:01,A*24:02,B*08:01,B*14:02,C*07:01,C*08:02
536_Positive,A*34:02,A*66:01,B*35:01,B*44:03,C*02:10,C*04:01
537_Positive,A*26:01,A*32:01,B*18:01,B*51:01,C*12:03,C*15:04
538_Positive,A*01:01,,B*08:01,,C*07:01,
539_Positive,A*02:01,A*11:01,B*15:01,B*51:01,C*03:03,C*15:02
540_Positive,A*31:01,A*32:01,B*14:01,B*40:01,C*03:04,C*08:02
541_Positive,A*01:01,A*31:01,B*37:01,B*50:01,C*06:02,
543_Positive,A*02:01,,B*40:01,,C*03:04,
544_Positive,A*02:01,A*24:02,B*50:01,B*55:01,C*03:03,C*06:02
545_Positive,A*01:01,,B*08:01,B*44:02,C*05:01,C*07:01
546_Positive,A*01:01,A*02:01,B*35:01,B*35:03,C*04:01,
547_Positive,A*24:02,A*31:01,B*40:06,B*52:01,C*12:02,C*15:02
548_Positive,A*03:01,A*23:01,B*07:02,B*51:01,C*02:02,C*07:02
549_Positive,A*02:01,,B*07:02,B*35:01,C*04:01,C*07:02
550_Positive,A*02:01,,B*15:01,B*35:01,C*03:04,C*04:01
551_Positive,A*02:01,A*03:01,B*15:01,B*44:02,C*03:03,C*05:01
552_Positive,A*02:01,,B*44:02,,C*05:01,
553_Positive,A*11:01,A*25:01,B*35:01,B*57:01,C*04:01,C*06:02
554_Positive,A*01:01,A*11:01,B*08:01,B*51:01,C*07:01,C*15:02
555_Positive,A*02:01,,B*15:08,B*51:01,C*01:02,C*16:02
556_Positive,A*02:01,A*23:01,B*44:02,B*44:03,C*04:01,C*05:01
557_Positive,A*01:01,A*11:01,B*35:01,B*37:01,C*04:01,C*06:02
558_Positive,A*23:01,A*26:01,B*38:01,B*49:01,C*07:01,C*12:03
559_Positive,A*01:01,A*24:02,B*07:02,B*35:01,C*04:01,C*07:02
560_Positive,A*01:01,A*03:01,B*08:01,B*40:01,C*03:04,C*07:01
561_Positive,A*03:01,A*11:01,B*37:01,B*51:01,C*06:02,C*15:02
562_Positive,A*01:01,,B*08:01,B*57:01,C*06:02,C*07:01
563_Positive,A*02:07,A*11:01,B*46:01,B*54:01,C*01:02,
564_Positive,A*02:01,A*24:02,B*27:05,B*44:02,C*02:02,C*07:04
565_Positive,A*01:01,A*68:01,B*08:01,B*35:03,C*04:01,C*07:01
566_Positive,A*02:01,,B*27:05,B*37:01,C*02:02,C*06:02
567_Positive,A*03:01,A*11:01,B*08:01,B*55:01,C*03:03,C*07:01
568_Positive,A*03:01,A*26:01,B*14:02,B*27:05,C*01:02,C*08:02
569_Positive,A*01:01,A*02:01,B*08:01,B*38:01,C*03:04,C*07:01
570_Positive,A*02:05,A*32:01,B*08:01,B*50:01,C*06:02,C*07:02
571_Positive,A*01:01,A*32:01,B*49:01,B*51:01,C*06:02,C*07:01
572_Positive,A*03:01,A*23:01,B*35:01,B*51:32,C*02:02,C*04:01
573_Positive,A*01:01,A*03:01,B*08:01,B*40:02,C*02:02,C*07:01
574_Positive,A*01:01,,B*08:01,B*41:01,C*07:01,C*17:01
575_Positive,A*03:01,A*33:03,B*07:02,B*58:01,C*07:02,C*17:01
576_Positive,A*03:01,A*68:01,B*35:01,B*44:02,C*04:01,C*07:04
577_Positive,A*02:01,A*03:01,B*07:02,B*39:01,C*02:02,C*07:02
578_Positive,A*02:01,A*25:01,B*18:01,B*35:01,C*04:01,C*12:03
579_Positive,A*02:01,A*32:04,B*40:01,B*44:02,C*03:04,C*05:01
580_Positive,A*02:01,A*24:02,B*27:05,B*35:01,C*02:02,C*04:01
581_Positive,A*03:01,A*11:01,B*35:01,,C*04:01,
582_Positive,A*01:01,A*03:01,B*40:01,B*44:03,C*03:04,C*04:01
583_Positive,A*31:01,A*68:01,B*07:02,B*51:01,C*07:02,C*15:02
584_Positive,A*03:01,,B*07:02,,C*07:02,
585_Positive,A*02:01,A*25:01,B*40:01,B*44:02,C*03:04,C*05:01
586_Positive,A*01:01,A*03:01,B*07:02,,C*07:02,
587_Positive,A*03:01,A*32:01,B*07:02,B*40:02,C*02:02,C*07:02
588_Positive,A*03:01,A*24:02,B*35:01,B*51:01,C*04:01,C*15:02
589_Positive,A*11:01,A*26:01,B*15:05,B*51:01,C*03:03,C*14:02
590_Positive,A*02:01,,B*44:02,B*51:01,C*02:02,C*05:01
591_Positive,A*02:01,A*24:02,B*15:01,B*57:01,C*03:03,C*06:02
592_Positive,A*01:01,A*31:01,B*08:01,B*57:01,C*06:02,C*07:01
593_Positive,A*03:01,A*24:02,B*37:01,B*58:01,C*03:02,C*06:02
594_Positive,A*11:01,A*30:01,B*13:02,B*15:58,C*01:02,C*06:02
595_Positive,A*02:01,A*03:01,B*07:02,B*35:01,C*04:01,C*07:02
596_Positive,A*01:01,A*02:01,B*35:01,B*58:01,C*04:01,C*07:18
597_Positive,A*01:01,A*03:01,B*08:01,B*37:01,C*06:02,C*07:02
598_Positive,A*02:01,A*03:01,B*07:02,B*40:01,C*03:04,C*07:02
599_Positive,A*02:01,,B*07:02,B*15:01,C*03:04,C*07:02
600_Positive,A*01:01,A*68:01,B*50:01,B*51:01,C*06:02,C*15:02
601_Positive,A*02:01,A*02:05,B*15:01,B*50:01,C*03:04,C*06:02
602_Positive,A*01:01,A*24:03,B*18:01,B*35:08,C*04:01,C*12:03
603_Positive,A*01:01,,B*08:01,,C*07:01,
604_Positive,A*01:01,A*02:01,B*07:02,B*37:01,C*06:02,C*07:02
605_Positive,A*01:01,,B*07:02,B*51:01,C*07:02,C*15:02
606_Positive,A*11:01,A*68:01,B*07:02,B*35:01,C*04:01,C*07:02
607_Positive,A*01:01,A*02:01,B*08:01,B*27:05,C*01:02,C*07:01
608_Positive,A*01:01,A*02:01,B*08:01,B*15:01,C*03:03,C*07:01
609_Positive,A*02:01,,B*18:01,B*35:01,C*04:01,C*07:01
